{
  "version": 1,
  "author": "ECE_047_ANNESHA DEY",
  "editor": "wokwi",
  "parts": [
    { "type": "wokwi-arduino-nano", "id": "nano", "top": 14.4, "left": -38.9, "attrs": {} },
    { "type": "wokwi-logic-analyzer", "id": "logic1", "top": -124.45, "left": 144, "attrs": {} },
    { "type": "wokwi-mpu6050", "id": "imu1", "top": -101.78, "left": -55.28, "attrs": {} }
  ],
  "connections": [
    [ "imu1:VCC", "nano:3.3V", "red", [ "v0" ] ],
    [ "imu1:GND", "nano:GND.2", "black", [ "v0" ] ],
    [ "logic1:GND", "nano:GND.2", "black", [ "h0" ] ],
    [ "logic1:D0", "imu1:SDA", "green", [ "h0" ] ],
    [ "imu1:SDA", "nano:A4", "green", [ "v0" ] ],
    [ "logic1:D1", "imu1:SCL", "green", [ "h0" ] ],
    [ "imu1:SCL", "nano:A5", "green", [ "v0" ] ]
  ],
  "dependencies": {}
}